{
  "equity": 4546.907675853533,
  "daily_pnl": -10.007853365999571,
  "trades_today": 9,
  "executed_trades_today": 9,
  "decision_samples_collected": 9,
  "peak_equity": 10043.054470819996,
  "max_drawdown": 0.5494476479743157,
  "last_saved_at": "2026-01-26T17:51:23.199644"
}