{
  "equity": 9839.002867666832,
  "daily_pnl": -157.45488385154317,
  "trades_today": 145,
  "executed_trades_today": 145,
  "decision_samples_collected": 300,
  "peak_equity": 10050.48958902979,
  "max_drawdown": 0.02349764081213062,
  "last_saved_at": "2026-02-03T17:40:21.070358"
}